,precision,recall,f1-score,support
0,0.5955531362532451,0.3110348145556333,0.408648182732366,45728.0
1,0.5552151569911904,0.8028212142244723,0.6564456091739138,48986.0
accuracy,0.5653863209240451,0.5653863209240451,0.5653863209240451,0.5653863209240451
macro avg,0.5753841466222178,0.5569280143900528,0.5325468959531399,94714.0
weighted avg,0.5746903677910219,0.5653863209240451,0.5368088002932933,94714.0
